Model,Accuracy,Precision,Recall,F1-Score,ROC-AUC
Full Model,0.7617079889807162,0.7126436781609196,0.6549295774647887,0.6825688073394496,0.8516107959977057
MVP Model,0.7727272727272727,0.7351778656126482,0.6549295774647887,0.6927374301675978,0.8542715569434707
