Model,Threshold,Accuracy,Precision,Recall,F1-Score,ROC-AUC
Random Forest,0.4,0.6542699724517906,0.5372460496613995,0.8380281690140845,0.6547455295735901,0.7752652794595629
