Model,Accuracy,Precision,Recall,F1-Score,ROC-AUC
Final Test Evaluation,0.7024793388429752,0.639344262295082,0.5492957746478874,0.5909090909090909,0.7586076413230514
